frisbee1,This is a frisbee.,https://cbu01.alicdn.com/img/ibank/O1CN01Mftexv27XCTOWxSfi_!!2208164617806-0-cib.jpg?__r__=1664355834203,11,发布成功
frisbee2,This is a frisbee.,https://cbu01.alicdn.com/img/ibank/O1CN01Mftexv27XCTOWxSfi_!!2208164617806-0-cib.jpg?__r__=1664355834203,12,发布成功
frisbee3,This is a frisbee.,https://cbu01.alicdn.com/img/ibank/O1CN01Mftexv27XCTOWxSfi_!!2208164617806-0-cib.jpg?__r__=1664355834203,13,发布成功
frisbee4,This is a frisbee.,https://cbu01.alicdn.com/img/ibank/O1CN01Mftexv27XCTOWxSfi_!!2208164617806-0-cib.jpg?__r__=1664355834203,14,发布成功
frisbee5,This is a frisbee.,https://cbu01.alicdn.com/img/ibank/O1CN01Mftexv27XCTOWxSfi_!!2208164617806-0-cib.jpg?__r__=1664355834203,15,发布成功
,This is a frisbee.,https://cbu01.alicdn.com/img/ibank/O1CN01Mftexv27XCTOWxSfi_!!2208164617806-0-cib.jpg?__r__=1664355834203,16,发布失败
frisbee6,,https://cbu01.alicdn.com/img/ibank/O1CN01Mftexv27XCTOWxSfi_!!2208164617806-0-cib.jpg?__r__=1664355834203,17,发布失败
frisbee7,This is a frisbee.,,18,发布失败
frisbee8,This is a frisbee.,https://cbu01.alicdn.com/img/ibank/O1CN01Mftexv27XCTOWxSfi_!!2208164617806-0-cib.jpg?__r__=1664355834203,,发布失败
frisbee9,This is a frisbee.,https://cbu01.alicdn.com/img/ibank/O1CN01Mftexv27XCTOWxSfi_!!2208164617806-0-cib.jpg?__r__=1664355834203,abc,发布失败
